product_id,category,price,description_quality_score,image_count,stock,delivery_eta_days,return_policy,rating
prod_670487,Electronics,1114.91,0.6754841186120953,2,114,3,no_return,1.4
prod_116739,Sports,139.54,0.7666009702009082,4,16,1,30_days,1.9
prod_26225,Electronics,846.26,0.5548197592930262,6,332,12,no_return,2.7
prod_777572,Home,1216.05,0.5042881416554683,1,388,13,30_days,3.8
prod_288389,Apparel,330.82,0.4062254648661927,3,52,2,15_days,1.4
prod_256787,Sports,404.14,0.8627449297127138,1,373,8,no_return,1.5
prod_234053,Electronics,832.54,0.9300658348253439,6,316,14,15_days,3.3
prod_146316,Electronics,995.28,0.7341146525934311,3,40,14,30_days,4.5
prod_772246,Beauty,957.17,0.44211360253524956,3,83,6,15_days,1.8
prod_107473,Electronics,917.61,0.340280039844202,0,273,12,30_days,1.7
prod_709570,Sports,337.23,0.44150989758188297,3,431,13,30_days,1.9
prod_776646,Home,607.74,0.128890219513634,0,108,10,no_return,2.3
prod_935518,Beauty,1328.18,0.6898947987653921,6,234,3,15_days,1.6
prod_571858,Sports,401.48,0.7704900838824459,5,219,10,15_days,2.4
prod_91161,Apparel,769.19,0.9975932001902449,1,386,1,30_days,1.6
prod_619176,Beauty,898.65,0.24398380155020524,1,195,10,15_days,3.1
prod_442417,Electronics,1023.62,0.9739705398522563,1,349,9,15_days,4.1
prod_33326,Home,657.8,0.40615792572794074,4,1,12,no_return,2.1
prod_31244,Apparel,766.45,0.5505275017452685,1,445,11,15_days,4.4
prod_98246,Apparel,237.73,0.5568965937798708,2,276,13,no_return,4.7
prod_229258,Beauty,39.02,0.6390501260142061,3,449,14,15_days,2.0
prod_243962,Sports,1420.95,0.3167844332025098,0,374,8,30_days,4.9
prod_529903,Apparel,201.3,0.5794355525765641,4,484,9,30_days,2.1
prod_631262,Beauty,1446.9,0.8851897369767316,5,386,12,no_return,1.8
prod_27824,Home,662.77,0.3805446621708055,2,231,2,30_days,1.9
prod_588508,Sports,835.34,0.40427700593270977,5,112,1,30_days,3.8
prod_208496,Electronics,1359.08,0.15298639018869106,1,36,9,30_days,2.1
prod_750800,Sports,207.14,0.5368730492354417,5,295,8,30_days,4.1
prod_681453,Apparel,150.55,0.826747297989979,6,220,6,15_days,2.6
prod_735392,Electronics,1013.31,0.8774530735326429,6,50,1,15_days,3.9
prod_571412,Electronics,380.5,0.8205332597755289,2,274,8,30_days,2.7
prod_439898,Apparel,1312.98,0.3506906302002465,0,226,13,no_return,1.4
prod_231148,Sports,1255.68,0.6869304045986698,1,474,13,30_days,1.7
prod_471029,Apparel,1298.33,0.5370770129056467,1,84,7,30_days,4.9
prod_617889,Beauty,435.02,0.3386827523549368,2,490,12,no_return,3.6
prod_291704,Apparel,452.09,0.5380042704888965,1,296,12,no_return,1.2
prod_848749,Electronics,880.42,0.3822443287927564,2,470,14,no_return,1.6
prod_911527,Electronics,1278.5,0.9647010129470053,1,304,2,no_return,4.4
prod_6814,Sports,376.86,0.4633979961864497,5,20,10,30_days,2.7
prod_795667,Sports,481.39,0.6253050603621022,3,104,11,no_return,2.3
prod_844962,Apparel,1010.82,0.33905306127821844,1,234,6,30_days,1.0
prod_167414,Sports,1494.18,0.6590433299437836,1,275,4,no_return,2.1
prod_732052,Electronics,1320.11,0.9399334401943381,3,145,3,15_days,4.3
prod_443143,Sports,1475.94,0.7331859325786338,6,270,1,no_return,4.3
prod_356778,Electronics,1409.01,0.36944087697998007,0,135,2,30_days,4.0
prod_291369,Home,911.2,0.23990311879749143,2,175,4,no_return,3.5
prod_163032,Beauty,384.17,0.3375855114673685,0,47,11,15_days,4.3
prod_225772,Home,1158.97,0.13967808561914502,2,134,3,no_return,2.8
prod_800581,Sports,24.41,0.7351007020839916,1,483,12,30_days,3.2
prod_352944,Sports,833.26,0.851135517897415,4,65,1,15_days,2.5
prod_107175,Electronics,1349.4,0.9397792094685887,2,349,4,no_return,1.4
prod_97251,Beauty,1461.02,0.8021046176842984,6,79,4,30_days,4.9
prod_398382,Beauty,46.93,0.8296945479463572,6,473,6,15_days,4.2
prod_101414,Apparel,407.54,0.8776576255377515,6,55,7,30_days,4.4
prod_376417,Beauty,530.99,0.300190345791098,0,114,1,no_return,1.8
prod_888662,Electronics,1450.66,0.3954357560779359,1,179,11,no_return,2.6
prod_360663,Sports,503.41,0.9830347184784342,1,59,5,30_days,3.3
prod_633052,Electronics,171.52,0.9851955155947784,4,176,12,15_days,2.7
prod_277370,Electronics,583.94,0.985812264384931,5,97,5,30_days,3.8
prod_846335,Sports,1033.42,0.10152215039676653,2,377,11,30_days,2.5
prod_45561,Home,938.5,0.16297643001367917,2,434,2,no_return,4.6
prod_765179,Beauty,496.01,0.5564102536317422,6,151,9,30_days,1.8
prod_481741,Beauty,1019.2,0.6984364907914944,2,315,10,15_days,2.6
prod_562275,Home,437.5,0.8503526523736518,4,402,10,no_return,3.6
prod_130889,Beauty,1016.68,0.5184893712223128,5,242,13,no_return,1.7
prod_967096,Sports,999.14,0.1763159830526096,2,171,2,30_days,3.7
prod_396922,Apparel,229.56,0.3021765993975595,0,125,8,no_return,4.4
prod_82627,Beauty,1330.34,0.1655454062661122,2,99,12,no_return,2.5
prod_578856,Apparel,987.53,0.45968757658888393,1,457,13,30_days,4.1
prod_307419,Sports,702.18,0.2969570231310875,2,127,14,30_days,2.8
prod_869693,Sports,1481.96,0.821274941550038,5,162,13,15_days,3.5
prod_659176,Sports,645.84,0.7473465651483704,5,228,3,no_return,4.4
prod_648564,Apparel,1261.4,0.5050627815222173,3,392,13,no_return,2.9
prod_928463,Beauty,125.45,0.3153212774331696,1,120,5,15_days,2.3
prod_903565,Apparel,234.74,0.5861370002666108,4,355,3,no_return,1.9
prod_379201,Home,818.49,0.47338110630839636,4,31,4,15_days,2.6
prod_605397,Electronics,1286.53,0.7928161950831969,5,194,8,30_days,4.8
prod_201629,Beauty,1281.64,0.3687513871351451,1,275,12,no_return,3.2
prod_738797,Apparel,737.46,0.6429273300471172,3,223,8,30_days,2.6
prod_72933,Beauty,1089.03,0.7019862585606254,4,470,3,no_return,3.1
prod_48050,Sports,850.94,0.9162359763280915,1,42,11,15_days,1.5
prod_693384,Electronics,397.63,0.5155285996463606,3,108,8,15_days,2.4
prod_238968,Home,1130.49,0.8916759874017058,4,129,14,30_days,2.9
prod_810620,Electronics,1499.86,0.7741218349745657,3,114,11,30_days,4.1
prod_303445,Electronics,1424.92,0.6865791897195005,2,429,1,no_return,1.6
prod_83667,Electronics,850.31,0.21359887738678562,0,238,12,15_days,4.1
prod_896865,Sports,1445.96,0.25101022903102205,2,58,13,30_days,4.9
prod_244098,Electronics,1394.04,0.19728887469184592,2,346,7,15_days,4.8
prod_908573,Sports,1039.02,0.2784967993825438,2,124,2,no_return,4.1
prod_105907,Sports,1210.24,0.8652639151799166,5,400,1,15_days,3.1
prod_398591,Electronics,763.88,0.6953692066186203,3,6,14,15_days,4.3
prod_291476,Home,957.02,0.19498498357959873,1,362,3,15_days,1.7
prod_475435,Home,927.71,0.5695720722446319,5,396,8,15_days,2.7
prod_666563,Home,490.23,0.7579235928746101,2,425,2,15_days,4.5
prod_874628,Beauty,859.08,0.3194770952718604,2,194,6,30_days,3.0
prod_382554,Beauty,326.06,0.3925127510998836,1,174,5,no_return,3.8
prod_170555,Electronics,779.77,0.34864171818056644,0,43,4,no_return,2.6
prod_388162,Apparel,1039.01,0.5996585904236748,6,364,8,15_days,4.2
prod_372528,Apparel,612.56,0.1837480154992045,0,156,11,no_return,2.5
prod_219684,Home,644.0,0.5981256595092247,6,281,6,15_days,3.8
prod_702729,Home,353.5,0.3438247842785767,2,98,6,30_days,4.0
prod_279946,Apparel,295.4,0.9557898043540912,6,247,5,no_return,3.4
prod_735911,Sports,431.67,0.7841871058357743,1,426,4,15_days,1.9
prod_982153,Electronics,1064.95,0.261497389316863,0,140,1,30_days,3.2
prod_716751,Apparel,960.43,0.727675653619175,4,52,14,30_days,3.3
prod_679514,Beauty,517.65,0.5224572504374592,1,129,14,15_days,1.5
prod_74870,Beauty,120.38,0.15880909160253925,2,351,1,30_days,1.6
prod_638720,Home,136.92,0.6065556373761077,2,60,9,15_days,3.4
prod_665822,Apparel,1165.78,0.8116667468590775,4,230,8,15_days,4.4
prod_179451,Home,857.26,0.9910281344201181,1,312,12,30_days,4.8
prod_560086,Apparel,404.32,0.2870091152411962,0,80,4,30_days,3.2
prod_764544,Beauty,681.25,0.2408793538988243,2,240,5,30_days,1.9
prod_256702,Beauty,116.06,0.7362602468911299,2,473,5,no_return,3.4
prod_171339,Apparel,643.46,0.8235151122532904,5,115,11,30_days,4.6
prod_484714,Electronics,98.86,0.8439680436850536,3,304,12,no_return,4.7
prod_397887,Beauty,1036.13,0.4952381038063637,6,206,5,no_return,3.2
prod_283060,Sports,69.39,0.4939829772144382,4,376,6,no_return,2.0
prod_970342,Sports,884.81,0.1821941979678867,0,391,11,15_days,3.3
prod_671088,Apparel,711.05,0.786798103754535,6,226,5,30_days,5.0
prod_721590,Beauty,1453.89,0.49229648836930273,4,178,7,15_days,2.3
prod_584004,Apparel,501.41,0.1941398961243017,2,253,5,no_return,4.8
prod_230283,Sports,64.68,0.8322094312641753,1,161,5,15_days,1.5
prod_717870,Sports,1239.14,0.7952931334358271,1,336,14,no_return,2.8
prod_340035,Sports,549.05,0.14878367683905575,1,320,8,30_days,1.8
prod_883794,Home,662.79,0.5942976751767985,6,248,2,30_days,4.9
prod_805635,Apparel,1067.58,0.6479845003737684,3,282,1,no_return,2.6
prod_813694,Electronics,697.56,0.3022305935102062,0,331,14,30_days,3.0
prod_58655,Sports,1061.06,0.7449429933926119,4,427,8,15_days,2.0
prod_240174,Beauty,294.01,0.5961385691924227,5,260,12,30_days,4.5
prod_861722,Beauty,516.41,0.34862266253983687,2,136,14,30_days,2.1
prod_33659,Sports,874.09,0.3687002647945905,2,250,14,30_days,2.8
prod_844151,Home,832.36,0.5359072469965483,5,193,8,15_days,4.5
prod_330776,Apparel,861.98,0.982697168199335,2,438,13,15_days,1.2
prod_420651,Beauty,585.26,0.7702346364086763,6,405,14,no_return,4.9
prod_280746,Electronics,198.11,0.5457957846547812,5,169,14,30_days,4.5
prod_69403,Sports,1366.56,0.49627558879360945,1,369,3,15_days,4.5
prod_221231,Electronics,709.54,0.9729611146369956,3,173,10,no_return,2.6
prod_957492,Home,1279.99,0.1722837885215041,2,194,6,no_return,3.9
prod_988712,Sports,63.49,0.7834616284009273,1,120,11,no_return,4.7
prod_594731,Electronics,656.62,0.9976833306605938,1,389,11,no_return,4.5
prod_918938,Home,1356.1,0.49931069649553517,1,166,13,30_days,2.2
prod_752787,Apparel,373.85,0.4373569807977834,4,289,11,30_days,1.7
prod_329963,Beauty,933.37,0.1710715155939952,0,254,10,30_days,1.9
prod_222955,Beauty,390.44,0.6741141679032117,1,460,13,15_days,4.6
prod_687277,Apparel,120.05,0.7098497971291715,3,300,5,no_return,4.8
prod_523481,Beauty,1269.5,0.7212821612141161,2,196,14,15_days,1.4
prod_414850,Home,866.47,0.4432278678918662,6,151,1,no_return,2.6
prod_927657,Electronics,1366.82,0.10728816918534123,2,254,14,15_days,4.1
prod_958972,Home,336.32,0.30710655187337466,0,317,5,no_return,4.0
prod_674079,Apparel,946.09,0.7907236970459177,6,330,1,15_days,4.2
prod_481141,Home,1101.22,0.1300280781210692,0,465,5,15_days,4.0
prod_149811,Apparel,1181.9,0.258076063399876,1,271,9,15_days,4.3
prod_277746,Beauty,1451.4,0.3312730761069361,1,382,14,15_days,4.2
prod_146413,Electronics,219.73,0.5214982499674258,2,440,11,no_return,3.7
prod_258607,Sports,555.0,0.4576703456829694,4,7,5,no_return,1.5
prod_781177,Home,880.99,0.4317270927544351,6,481,6,30_days,3.7
prod_588637,Sports,1327.51,0.5243291811832947,5,167,10,30_days,3.6
prod_565158,Beauty,1364.99,0.6718635301401452,3,332,7,30_days,1.6
prod_275504,Home,1493.93,0.9516353795937517,1,49,4,no_return,1.5
prod_783300,Sports,634.5,0.5082793812000034,6,372,3,15_days,3.6
prod_612982,Sports,618.09,0.8503237749666893,3,16,12,15_days,1.9
prod_449245,Apparel,1284.62,0.5002262738011751,1,351,6,no_return,4.6
prod_941435,Electronics,603.23,0.6803441287786249,2,495,2,15_days,1.4
prod_611878,Sports,1456.93,0.2908952338809819,0,402,6,30_days,5.0
prod_418801,Apparel,112.23,0.8082802899786843,5,106,10,30_days,4.3
prod_379580,Apparel,1185.08,0.3096988111414283,2,1,5,30_days,5.0
prod_229974,Apparel,173.79,0.5861939111768363,1,67,1,15_days,4.2
prod_145051,Home,33.51,0.3141384454814168,1,26,3,no_return,2.7
prod_534277,Electronics,719.61,0.20228437610789196,1,262,10,30_days,2.8
prod_517488,Sports,74.61,0.29939478077645654,2,266,5,15_days,3.6
prod_95325,Beauty,1272.47,0.12803557555930953,1,351,2,15_days,3.8
prod_792495,Electronics,489.95,0.49920609642670777,2,33,3,15_days,3.5
prod_49405,Home,577.55,0.6268282196933089,5,271,5,15_days,3.0
prod_902931,Electronics,1280.66,0.487179393241261,6,449,13,no_return,3.9
prod_114975,Beauty,1333.26,0.2935207596947472,1,173,14,15_days,2.6
prod_160265,Home,645.88,0.756651256871054,6,130,6,30_days,3.7
prod_657924,Electronics,1249.34,0.5268410970301924,1,221,2,no_return,4.0
prod_167753,Sports,99.37,0.8305923567496531,5,287,6,no_return,1.5
prod_830555,Beauty,1303.46,0.41823827167039096,6,26,5,no_return,2.2
prod_713536,Sports,326.98,0.19324050933217007,2,246,4,30_days,2.4
prod_442666,Electronics,1146.28,0.6006389284938942,5,115,13,15_days,4.4
prod_625380,Sports,924.22,0.9770919419131374,6,285,1,no_return,4.7
prod_66613,Home,53.14,0.8465147109636967,3,359,13,15_days,4.7
prod_403457,Apparel,1306.1,0.41592107866328365,5,336,7,30_days,1.6
prod_400156,Electronics,146.72,0.6698548113899624,5,110,7,15_days,2.8
prod_624834,Home,1085.18,0.2416683482605798,2,305,2,30_days,1.6
prod_490785,Electronics,1014.21,0.7789922912124869,3,226,11,15_days,2.9
prod_554816,Home,331.2,0.49783976802800123,5,58,6,15_days,1.4
prod_263626,Sports,735.08,0.7103961036401809,6,157,1,30_days,2.6
prod_580099,Electronics,314.59,0.6393924612500054,2,392,3,15_days,2.2
prod_902592,Beauty,1123.05,0.20798590933499422,0,66,7,no_return,3.8
prod_988210,Home,117.39,0.5502361119005919,6,21,7,30_days,2.8
prod_12038,Home,867.88,0.17007635068818183,2,207,12,no_return,2.7
prod_713328,Electronics,1449.64,0.20365603539741842,0,410,10,15_days,4.3
prod_755731,Electronics,660.7,0.9277927765672461,1,124,7,no_return,2.6
prod_120116,Home,1121.25,0.1707823787345739,0,170,13,30_days,1.3
prod_714825,Sports,769.83,0.6699022002713678,3,179,12,no_return,4.3
prod_927767,Apparel,391.39,0.31264196405205186,0,308,3,no_return,1.3
prod_563054,Beauty,701.29,0.9561629265216237,5,389,10,15_days,3.7
prod_787352,Sports,491.58,0.8938433409336403,6,161,3,15_days,1.3
prod_279786,Home,1196.53,0.4979872574526564,5,28,6,no_return,1.3
prod_805934,Electronics,94.77,0.5155682378018087,3,39,11,30_days,3.5
prod_672097,Beauty,874.69,0.5563610356005596,6,458,1,15_days,4.6
prod_356699,Apparel,489.07,0.6144910178084203,4,256,3,30_days,2.8
prod_116970,Home,1473.75,0.8298701301903586,1,258,11,30_days,1.2
prod_307757,Beauty,790.86,0.7368595338909509,5,81,6,15_days,4.7
prod_455884,Home,1021.56,0.4486749035708043,1,404,11,no_return,2.3
prod_165840,Sports,1020.79,0.39672167960595595,1,129,12,no_return,4.9
prod_475763,Apparel,506.71,0.6424307322945572,5,339,3,15_days,2.2
prod_3402,Beauty,202.14,0.6904492462324496,6,480,2,15_days,3.2
prod_757168,Home,1221.65,0.6791439370251876,6,359,14,no_return,5.0
prod_918398,Electronics,972.58,0.9212031869124919,4,260,6,30_days,2.5
prod_754639,Apparel,519.18,0.2622366305891602,1,98,4,30_days,1.6
prod_276183,Electronics,766.46,0.3662128914891596,2,427,12,no_return,1.2
prod_524902,Sports,205.26,0.40308793476785343,4,78,3,30_days,4.3
prod_798975,Apparel,1084.56,0.7939880323578895,1,210,6,no_return,3.9
prod_187330,Sports,434.54,0.9726297430677625,6,401,8,30_days,3.1
prod_532342,Beauty,1356.92,0.37852110690651064,0,188,11,no_return,4.9
prod_956959,Home,1169.4,0.5155119805968903,5,270,7,30_days,4.3
prod_111579,Apparel,1310.77,0.8211333017363929,1,328,8,15_days,3.2
prod_912804,Sports,1278.24,0.1923307585735684,1,42,13,30_days,2.1
prod_655674,Apparel,1248.26,0.914775588080417,1,484,4,15_days,4.5
prod_312942,Beauty,89.35,0.9374247344136474,5,191,4,15_days,5.0
prod_882554,Electronics,484.84,0.4374214060759908,1,429,12,no_return,2.3
prod_669987,Electronics,437.45,0.23144437613963806,1,356,14,30_days,4.0
prod_532323,Sports,17.82,0.5221991144399444,1,9,5,30_days,4.3
prod_638551,Sports,796.38,0.593923820899452,1,397,5,30_days,2.2
prod_208573,Beauty,962.04,0.14297450195696615,2,234,2,30_days,4.3
prod_160263,Sports,34.49,0.5498463000138487,5,294,4,no_return,1.6
prod_392077,Sports,535.7,0.4863150037930004,5,213,3,no_return,3.7
prod_799550,Home,110.84,0.5711361019103902,5,278,9,no_return,3.2
prod_169396,Beauty,74.87,0.45140835930405776,4,191,5,no_return,1.1
prod_565579,Home,369.28,0.8096680146515638,6,321,2,no_return,3.9
prod_999816,Electronics,534.93,0.3992667475347864,1,416,11,30_days,4.3
prod_816449,Beauty,951.29,0.7162143097680852,2,32,12,15_days,1.1
prod_967242,Apparel,1329.83,0.28143189355303083,1,477,5,no_return,2.6
prod_556116,Beauty,387.44,0.833865472590384,6,97,5,15_days,4.4
prod_963110,Home,417.09,0.14302363082184225,1,223,7,no_return,2.8
prod_599,Home,1460.85,0.9608308460412941,4,354,8,15_days,4.7
prod_628038,Electronics,1093.35,0.5673482681814478,1,220,10,30_days,3.2
prod_339902,Electronics,498.6,0.3890902853931346,1,156,8,no_return,3.9
prod_512340,Beauty,533.81,0.2499802948593223,0,372,14,15_days,3.5
prod_20422,Electronics,121.81,0.491446453683822,6,207,6,no_return,4.2
prod_117301,Electronics,222.74,0.7114695470332209,5,347,13,15_days,1.1
prod_974230,Home,549.6,0.16051002675589793,2,16,10,30_days,3.7
prod_380612,Home,671.47,0.9539411763390008,1,293,3,no_return,2.5
prod_921406,Home,381.92,0.38294689718339336,0,13,12,30_days,3.0
prod_872064,Sports,185.46,0.44828864203533714,3,360,8,30_days,5.0
prod_845964,Beauty,308.27,0.35701918992834225,0,436,2,15_days,1.7
prod_322451,Electronics,1217.66,0.742032904927433,3,341,6,no_return,1.3
prod_251083,Home,1278.53,0.5879542251030061,6,363,12,no_return,1.7
prod_60738,Apparel,190.83,0.42534296481222045,2,405,3,30_days,4.2
prod_252572,Sports,862.69,0.12365562412743913,1,411,9,30_days,3.4
prod_920659,Home,603.26,0.17759393348673946,2,368,8,no_return,2.6
prod_594916,Sports,119.89,0.4684901747182417,3,328,2,15_days,2.9
prod_992948,Apparel,1318.16,0.5656240106378742,5,327,10,30_days,4.1
prod_82582,Sports,1366.96,0.21612966201719974,0,425,2,no_return,1.6
prod_89814,Home,1402.76,0.24819137190111173,0,177,9,15_days,4.4
prod_767460,Sports,418.93,0.32554477808379917,2,155,10,no_return,1.4
prod_509597,Sports,1412.99,0.6768886845690928,2,87,11,no_return,3.9
prod_855662,Sports,71.38,0.6446250170756699,1,41,1,no_return,4.1
prod_72574,Apparel,1152.77,0.33819031704974906,1,316,11,30_days,3.0
prod_797549,Home,966.44,0.6644476092682758,3,247,4,no_return,2.6
prod_558582,Electronics,245.54,0.5081897196596542,4,247,8,30_days,2.4
prod_803035,Home,1103.96,0.22930182204637115,1,499,7,30_days,4.0
prod_131869,Electronics,485.48,0.5634821206739999,4,62,5,15_days,2.0
prod_134628,Home,1418.62,0.18713048730451431,2,214,4,30_days,4.3
prod_691798,Home,292.85,0.9403763817244644,2,255,9,15_days,3.0
prod_498369,Electronics,144.17,0.37768643384898637,1,258,8,30_days,1.9
prod_992842,Electronics,429.22,0.4176055799707198,5,451,14,no_return,3.7
prod_576510,Electronics,1272.29,0.35717354329691586,1,68,5,no_return,2.5
prod_173148,Electronics,606.87,0.4629286649029226,5,287,4,15_days,3.2
prod_277932,Sports,681.03,0.16617857476855763,2,143,14,no_return,3.7
prod_553306,Electronics,596.92,0.2069299177512306,1,285,6,30_days,1.8
prod_914812,Sports,69.98,0.5582102646026639,1,70,12,15_days,4.2
prod_636059,Apparel,913.33,0.567399439299775,5,71,6,no_return,2.3
prod_443692,Sports,1111.59,0.45365912907983474,3,303,6,no_return,4.3
prod_222086,Sports,456.69,0.5791058468882887,1,188,6,no_return,1.4
prod_974036,Home,1197.16,0.47488624248900946,6,446,12,no_return,1.1
prod_565492,Sports,870.68,0.5271311926765545,6,26,10,15_days,1.7
prod_791952,Sports,1164.16,0.6661227170308273,4,75,14,no_return,2.0
prod_765388,Electronics,294.27,0.6153132442637134,4,160,7,30_days,2.7
prod_723378,Sports,1164.71,0.2835025144319211,1,446,14,no_return,3.9
prod_210922,Sports,318.94,0.7351977089365886,3,339,8,no_return,2.5
prod_747581,Beauty,1369.06,0.9610169429768932,3,279,6,no_return,4.1
prod_326858,Home,919.01,0.7488321051945633,2,490,4,15_days,3.2
prod_418373,Home,1159.05,0.30238033419353505,2,106,12,no_return,3.0
prod_704314,Sports,1401.21,0.5318230808818553,6,140,5,30_days,3.3
prod_681446,Beauty,1229.38,0.5888717892894504,2,148,1,15_days,4.8
prod_391559,Beauty,987.4,0.17112649240886532,2,245,4,30_days,4.3
prod_459381,Sports,1047.3,0.3440194497981782,0,55,10,no_return,3.3
prod_943313,Sports,346.25,0.3182122345692581,0,26,2,15_days,2.3
prod_542717,Apparel,17.72,0.5251635163313926,5,500,3,15_days,3.6
prod_473417,Beauty,721.4,0.8925827115070794,2,387,5,15_days,2.1
prod_126882,Electronics,981.93,0.15324632761734167,0,273,12,no_return,4.4
prod_259947,Apparel,632.65,0.13356842191447876,0,478,1,15_days,4.2
prod_235612,Home,1316.35,0.26768046873024,0,152,10,no_return,1.4
prod_67136,Home,686.98,0.9846944995339058,6,278,9,15_days,4.6
prod_354508,Sports,707.35,0.22077995140816092,0,414,2,15_days,1.6
prod_22056,Home,1080.71,0.513023023929125,1,377,6,15_days,3.3
prod_616886,Apparel,920.32,0.7815544752318051,6,459,7,15_days,3.1
prod_580828,Electronics,285.32,0.17806399286352032,0,244,6,30_days,1.0
prod_241292,Beauty,1133.1,0.4452169516084278,3,154,10,no_return,3.3
prod_617024,Home,1042.23,0.3353978357338535,0,341,2,15_days,2.2
prod_230914,Sports,1385.43,0.46487495167155757,6,394,5,no_return,1.5
prod_7540,Home,557.64,0.9245173472655718,2,112,3,15_days,1.6
prod_74441,Sports,566.7,0.7729613534357709,6,281,8,no_return,4.2
prod_742225,Apparel,1023.71,0.8430431581778113,5,447,13,30_days,3.1
prod_661759,Home,126.37,0.575355811665874,5,57,1,no_return,4.6
prod_61733,Sports,233.28,0.28194110106998305,1,437,9,15_days,1.5
prod_240062,Sports,738.35,0.2848613369854254,2,228,13,30_days,2.8
prod_70674,Beauty,850.23,0.5619230588814774,5,236,11,15_days,3.9
prod_949401,Electronics,1121.25,0.4563538389579318,5,37,1,15_days,2.4
prod_32938,Electronics,1402.53,0.15738392090087489,0,478,8,30_days,2.1
prod_901393,Apparel,1151.08,0.2619831941431377,2,330,7,15_days,5.0
prod_346479,Beauty,569.71,0.4442316569662349,6,493,11,no_return,1.5
prod_74299,Electronics,275.93,0.8742579230144091,5,201,9,30_days,3.9
prod_539131,Electronics,1136.71,0.3004211943696399,1,237,11,no_return,3.2
prod_249565,Apparel,378.79,0.5787402476470829,3,79,5,30_days,4.7
prod_292004,Electronics,58.0,0.7525215513180266,6,214,10,30_days,2.0
prod_701474,Sports,60.03,0.16056181260054583,2,344,12,30_days,2.0
prod_508993,Beauty,359.17,0.13981305705039804,0,386,14,30_days,1.6
prod_224643,Apparel,1225.52,0.9941350971187435,6,294,6,no_return,3.4
prod_565427,Home,362.99,0.7052787112932223,2,338,9,30_days,2.7
prod_138739,Sports,1423.3,0.3476385284577449,2,466,3,no_return,3.7
prod_758490,Electronics,1458.71,0.6002655993853413,6,343,7,no_return,2.3
prod_980957,Apparel,456.83,0.4746921700793002,2,386,9,15_days,2.0
prod_925245,Apparel,1210.61,0.302810093541911,0,287,7,15_days,3.2
prod_598782,Apparel,389.94,0.22068347595317023,1,331,2,15_days,4.4
prod_604201,Apparel,86.79,0.1832175968741773,1,344,10,no_return,1.2
prod_495631,Sports,1089.21,0.16550589553525263,2,111,8,30_days,4.5
prod_254801,Electronics,325.59,0.3996678797369392,0,492,12,30_days,4.0
prod_822733,Apparel,1046.48,0.7788976686524508,6,104,7,30_days,3.2
prod_495948,Beauty,704.71,0.7979624938573933,6,183,5,15_days,2.4
prod_846721,Beauty,156.93,0.8945307571258363,6,240,13,15_days,4.7
prod_426833,Beauty,78.12,0.43363442928813256,2,379,3,30_days,2.0
prod_199659,Sports,1082.82,0.9412824252667181,3,78,4,15_days,1.9
prod_98907,Apparel,753.96,0.6128105614336314,6,483,11,15_days,2.0
prod_101639,Beauty,696.64,0.8394327457231207,6,407,6,30_days,1.6
prod_690993,Apparel,1376.18,0.5918916958532087,5,328,1,no_return,1.1
prod_451989,Electronics,1148.86,0.8620276448644502,4,70,14,no_return,1.9
prod_371507,Electronics,335.89,0.7364526073331139,4,191,1,no_return,3.6
prod_444154,Beauty,992.33,0.9405133489882008,1,3,9,no_return,2.6
prod_431071,Home,808.25,0.11505353284236693,1,8,9,no_return,3.7
prod_489710,Apparel,169.45,0.825550929052686,1,268,3,30_days,1.8
prod_905798,Home,408.31,0.5738103868601946,4,40,6,15_days,2.8
prod_764491,Apparel,456.96,0.31888710477359383,0,334,14,no_return,4.0
prod_56802,Beauty,571.98,0.18415045488439846,1,28,11,30_days,3.8
prod_706073,Beauty,970.91,0.1744175102552216,1,289,14,30_days,4.6
prod_685197,Apparel,325.01,0.9272369938961906,6,454,10,15_days,2.1
prod_677568,Home,1349.97,0.9317433399477097,5,336,1,30_days,4.7
prod_103198,Apparel,884.68,0.38303622390398584,2,420,7,30_days,2.2
prod_63556,Sports,1253.63,0.6075623796613884,4,346,9,15_days,2.5
prod_422179,Electronics,756.18,0.7657706538286472,3,27,2,15_days,1.9
prod_763587,Sports,1155.82,0.16841642190913458,2,203,13,15_days,1.1
prod_355784,Beauty,741.0,0.3459943257659176,1,283,7,15_days,1.7
prod_839482,Beauty,137.68,0.6272876090899461,5,151,13,30_days,3.9
prod_903529,Apparel,576.2,0.17383420870583371,2,78,12,15_days,2.3
prod_114576,Electronics,1415.01,0.19589582594013502,1,184,13,15_days,1.4
prod_260735,Beauty,678.78,0.1785675091196045,2,262,7,30_days,1.1
prod_200896,Electronics,899.42,0.418522858610733,3,442,7,30_days,2.2
prod_199448,Electronics,1090.02,0.44901960344055436,5,463,4,no_return,3.1
prod_562336,Apparel,216.87,0.7167843926151009,3,137,8,30_days,1.3
prod_470405,Beauty,456.63,0.49120864233647044,1,184,5,30_days,3.9
prod_146991,Sports,301.37,0.5462221930505764,1,69,5,30_days,4.8
prod_442374,Sports,576.04,0.3989954937804643,1,225,6,15_days,4.3
prod_192401,Sports,212.83,0.8735576203907517,3,308,12,30_days,2.9
prod_292075,Beauty,1453.4,0.2598735441872266,1,376,12,no_return,3.0
prod_485100,Apparel,495.57,0.6182913534624646,3,418,13,15_days,2.5
prod_261941,Apparel,892.42,0.9388604373296011,5,92,11,no_return,1.1
prod_916964,Apparel,663.3,0.754492027427703,3,425,12,30_days,4.3
prod_968114,Beauty,1012.74,0.816091152396359,2,324,5,30_days,2.0
prod_79046,Beauty,1185.72,0.23872891101027088,0,229,10,15_days,3.3
prod_464656,Beauty,820.03,0.5809306610819054,3,359,13,no_return,3.4
prod_847272,Electronics,1155.74,0.922961123857526,6,340,6,30_days,3.6
prod_903189,Beauty,1450.55,0.13986702417506464,1,494,13,15_days,1.4
prod_897546,Apparel,770.91,0.18874590272355476,2,285,10,no_return,3.3
prod_577057,Beauty,699.96,0.5012006963544161,6,301,12,no_return,1.6
prod_102664,Beauty,165.78,0.9979324528731881,4,471,2,30_days,4.3
prod_53045,Home,474.72,0.7571356507205044,4,401,4,no_return,2.9
prod_683823,Beauty,1085.77,0.5285462780882472,4,163,2,15_days,1.2
prod_566847,Electronics,1275.28,0.7397010907797272,6,55,11,30_days,4.7
prod_876638,Sports,269.94,0.7664405362272385,2,169,9,15_days,4.8
prod_15474,Beauty,948.34,0.3086699926702693,0,327,11,15_days,2.6
prod_97793,Apparel,679.87,0.7636495325915235,4,199,1,no_return,1.9
prod_971366,Electronics,870.25,0.350510347463883,2,95,6,15_days,1.8
prod_790170,Beauty,796.3,0.20255947363464571,2,160,10,15_days,3.4
prod_889921,Home,534.46,0.6283042431086961,4,316,3,no_return,3.8
prod_247861,Sports,889.35,0.3677003512294167,2,68,6,30_days,2.0
prod_174389,Home,1043.22,0.20525401357367679,2,198,7,no_return,1.6
prod_426156,Apparel,735.14,0.44533896655391836,5,355,11,30_days,3.2
prod_509231,Apparel,288.78,0.540677823572988,4,317,1,15_days,4.8
prod_504740,Apparel,1224.67,0.5361480275011155,5,258,11,15_days,2.6
prod_224130,Beauty,738.16,0.5425532920216575,1,289,1,30_days,2.2
prod_906651,Sports,440.12,0.3473676264461806,1,289,12,15_days,3.2
prod_420521,Electronics,409.15,0.20188989576282085,2,421,6,no_return,4.3
prod_946279,Beauty,824.07,0.13744947004321,1,52,12,no_return,4.0
prod_61483,Electronics,680.1,0.36793804159260435,1,441,14,30_days,2.8
prod_172634,Apparel,322.72,0.9945619158867554,6,301,12,15_days,4.4
prod_397382,Beauty,257.31,0.6492356223575292,2,401,4,30_days,4.2
prod_2260,Sports,428.82,0.6130669103244984,5,86,6,no_return,2.2
prod_409386,Sports,1478.38,0.6154620218322333,6,417,2,30_days,4.9
prod_278085,Electronics,1488.8,0.8071219434621676,6,64,12,30_days,2.0
prod_971524,Apparel,1144.6,0.7402553639552522,6,201,8,30_days,3.3
prod_822157,Beauty,569.01,0.34184543687873736,0,324,13,30_days,2.6
prod_823267,Home,687.5,0.774822144585871,4,167,10,30_days,4.5
prod_477110,Electronics,1099.09,0.8624505934078367,4,325,11,no_return,2.4
prod_299105,Sports,602.6,0.15699761745415722,1,422,4,15_days,2.1
prod_443555,Home,825.49,0.8455092553439272,2,289,14,15_days,4.2
prod_730429,Electronics,78.45,0.9047391922347003,6,401,14,15_days,1.1
prod_765990,Apparel,667.52,0.9364895878127697,1,490,7,30_days,5.0
prod_821414,Home,246.88,0.918466492881788,3,47,11,15_days,2.0
prod_582765,Apparel,87.16,0.43465939088208916,6,156,12,no_return,4.0
prod_694022,Electronics,1058.51,0.486307846679812,1,109,8,30_days,1.5
prod_753305,Beauty,23.84,0.30357177531346546,2,175,14,30_days,5.0
prod_510311,Apparel,721.77,0.48008254039755394,2,196,2,no_return,4.2
prod_162316,Home,1322.67,0.19288137988758325,0,195,13,30_days,3.6
prod_199122,Electronics,800.46,0.7094233701271396,1,312,11,30_days,2.8
prod_311120,Apparel,1380.64,0.7501888237278901,5,351,8,30_days,1.3
prod_228275,Electronics,888.47,0.19041860122987492,1,179,7,15_days,4.2
prod_61324,Electronics,379.77,0.323007737467221,2,307,12,no_return,2.1
prod_607314,Electronics,1273.36,0.9471513205873107,6,448,5,30_days,3.1
prod_771476,Beauty,450.36,0.5585703095032414,1,401,13,30_days,3.0
prod_568532,Beauty,960.74,0.2014692963434277,0,270,1,15_days,4.7
prod_63918,Sports,637.09,0.21878459265943184,2,349,3,15_days,4.8
prod_784309,Electronics,885.17,0.7933303443021524,1,134,4,30_days,4.7
prod_328838,Beauty,764.85,0.9538119972524121,6,364,9,15_days,2.7
prod_59942,Sports,811.11,0.46204966958005,2,142,2,15_days,1.3
prod_52578,Apparel,809.22,0.9288323728954623,4,300,11,no_return,3.7
prod_612554,Beauty,1097.64,0.1595035752590935,0,29,4,30_days,4.7
prod_499948,Sports,917.16,0.20438792338993145,1,341,12,no_return,4.0
prod_527276,Apparel,1055.23,0.2074987062170987,0,254,6,no_return,3.1
prod_964047,Home,258.77,0.8402561854473424,2,383,13,15_days,3.9
prod_894141,Electronics,509.17,0.2062510482541267,1,139,9,30_days,2.1
prod_556926,Electronics,749.26,0.9775455290003605,5,184,1,15_days,4.4
prod_165080,Apparel,390.12,0.2501932533898875,0,457,10,no_return,3.9
prod_59642,Sports,13.83,0.30556398083792596,0,125,1,15_days,2.5
prod_532496,Apparel,1397.43,0.9282038907339886,1,283,13,no_return,4.0
prod_84002,Home,379.91,0.4774323739265187,6,163,5,30_days,3.3
prod_892697,Electronics,277.22,0.20746083670733007,2,23,7,30_days,4.5
prod_194851,Home,497.68,0.879429006979437,5,233,1,15_days,1.8
prod_71849,Home,1111.97,0.6074260667417682,2,237,6,no_return,4.9
prod_623939,Apparel,1101.37,0.9980084046375151,5,389,13,30_days,1.6
prod_71262,Electronics,357.17,0.9391577792840636,3,325,14,no_return,4.5
prod_708011,Electronics,1140.8,0.955891235929099,4,434,12,no_return,2.2
prod_903682,Apparel,635.53,0.2846749356153089,0,497,3,no_return,2.1
prod_246629,Apparel,1346.96,0.13951023913284358,2,211,12,15_days,2.8
prod_423389,Sports,152.41,0.7731094589562131,2,326,14,15_days,1.3
prod_125710,Beauty,997.04,0.6110386554602875,2,121,5,15_days,4.4
prod_987335,Beauty,1054.08,0.933437756603473,6,167,6,15_days,2.1
prod_933533,Apparel,212.81,0.16721869222223174,2,55,3,30_days,1.7
prod_597347,Beauty,189.9,0.5194496011929955,3,493,13,30_days,2.8
prod_258175,Electronics,144.73,0.5170119355507726,6,155,14,no_return,3.8
prod_607040,Home,231.0,0.13629682729779705,2,127,6,15_days,3.1
prod_623398,Home,1231.93,0.7094650392901647,2,15,7,15_days,3.2
prod_41672,Electronics,698.44,0.5951088028018725,2,62,1,30_days,4.3
prod_649468,Apparel,305.22,0.9843105137352595,4,190,11,no_return,4.8
prod_85965,Sports,395.64,0.17563548180529037,0,11,2,30_days,4.6
prod_439589,Apparel,147.05,0.4990881914523899,3,62,1,15_days,1.2
prod_689305,Beauty,1234.31,0.9317185529805405,4,254,1,15_days,3.7
prod_612024,Apparel,1363.37,0.25552649064771027,1,143,8,30_days,1.1
prod_592683,Apparel,974.44,0.6572588939613062,4,210,9,15_days,1.2
prod_548177,Apparel,634.66,0.3517983886950743,2,452,13,no_return,2.0
prod_331737,Sports,1194.32,0.9946785496320669,4,400,12,15_days,2.9
prod_980110,Home,1369.89,0.8032915952519442,5,164,7,15_days,1.7
prod_273432,Apparel,53.66,0.38698981059644166,1,29,13,15_days,3.1
prod_214181,Apparel,1461.23,0.7901579516052456,1,126,11,30_days,2.1
prod_702258,Electronics,1148.43,0.8346566454478613,2,294,14,15_days,2.4
prod_750981,Apparel,272.39,0.8553000270753184,5,162,13,no_return,3.8
prod_329445,Electronics,1058.14,0.9225820037156809,3,485,10,no_return,1.6
prod_250280,Beauty,817.77,0.9535316554413013,2,251,1,30_days,1.2
prod_278517,Electronics,794.41,0.6414965078005793,1,169,10,30_days,4.2
prod_415011,Apparel,1378.98,0.4066831398400953,3,30,1,30_days,3.3
prod_137235,Electronics,1271.26,0.9255017327330067,3,491,2,15_days,3.8
prod_704318,Sports,160.54,0.6959255975189507,3,165,3,30_days,3.9
prod_676856,Beauty,977.28,0.4931815446366241,2,362,9,no_return,4.6
prod_314569,Home,342.62,0.6523380876205311,5,417,3,15_days,2.2
prod_479434,Apparel,274.79,0.7196485956390615,1,485,12,no_return,2.6
prod_331535,Sports,58.25,0.9948548174928675,5,162,13,no_return,1.9
prod_974146,Beauty,219.56,0.6089952215082884,6,39,4,15_days,4.9
prod_788387,Electronics,1234.28,0.25109867507642575,2,327,12,15_days,2.8
prod_981188,Apparel,1042.83,0.3386911965065886,1,131,13,30_days,3.9
prod_76066,Beauty,1101.55,0.1433327119599535,0,452,7,15_days,4.5
prod_9767,Beauty,161.13,0.4161080523686228,4,403,14,no_return,3.6
prod_480547,Apparel,682.42,0.718444363795403,1,150,1,15_days,2.0
prod_651332,Home,263.46,0.19425254364893102,1,82,12,30_days,3.2
prod_590341,Electronics,513.55,0.9083117558079762,5,457,8,no_return,1.1
prod_104837,Apparel,914.9,0.9481980322917675,4,80,1,30_days,2.3
prod_76819,Beauty,1048.82,0.9769585786088245,6,473,12,no_return,2.1
prod_563750,Apparel,152.91,0.3533707661007388,1,292,9,15_days,1.6
prod_223508,Beauty,140.57,0.42474602910454573,6,320,10,15_days,1.8
prod_530458,Apparel,960.9,0.12316212345851718,0,242,14,30_days,2.2
prod_278082,Beauty,1343.37,0.45772061365731065,3,46,11,no_return,2.6
prod_138890,Beauty,560.41,0.4339184723566727,4,22,5,15_days,2.9
prod_978593,Home,850.73,0.3036180522544002,0,385,12,no_return,1.4
prod_365962,Sports,626.84,0.7013270565078574,5,116,9,30_days,4.4
prod_923653,Beauty,1448.79,0.8365646933788362,6,443,8,no_return,4.5
prod_72132,Electronics,598.26,0.5286360529733217,6,17,9,no_return,4.6
prod_921981,Sports,229.7,0.8204053030486171,4,88,3,30_days,4.2
prod_256150,Beauty,126.77,0.21356739877468578,2,222,4,no_return,1.6
