ticket_id,order_id,customer_id,category,sentiment,text,created_at
tkt_955240,ord_97975869,762542586e6f1c10,WISMO,negative,Where is my order? It's been days and tracking hasn't updated.,2026-07-27 19:33:19
tkt_199372,ord_66595544,7d55d4e947b80807,WISMO,negative,Where is my order? It's been days and tracking hasn't updated.,2026-09-26 18:53:56
tkt_460197,ord_9013348,5a844230c296241d,WISMO,negative,Where is my order? It's been days and tracking hasn't updated.,2026-09-21 11:46:27
tkt_133370,ord_10488284,d44568b327609c28,WISMO,negative,Where is my order? It's been days and tracking hasn't updated.,2026-08-09 18:22:58
tkt_312713,ord_69423699,0167e3abbf81a2ef,WISMO,negative,Where is my order? It's been days and tracking hasn't updated.,2026-08-15 21:59:33
tkt_71253,ord_48037222,95093da37fb1984f,WISMO,negative,Where is my order? It's been days and tracking hasn't updated.,2026-09-02 04:53:14
tkt_603304,ord_71729149,2c7c18b9e456ee7f,WISMO,negative,Where is my order? It's been days and tracking hasn't updated.,2026-08-08 23:27:29
tkt_894640,ord_32399944,5b596588c642db9a,WISMO,negative,Where is my order? It's been days and tracking hasn't updated.,2026-07-30 23:11:31
tkt_493856,ord_78218402,ceeb07047b8440c4,WISMO,negative,Where is my order? It's been days and tracking hasn't updated.,2026-08-12 11:25:55
tkt_31434,ord_87675315,cccb2dc92383e628,WISMO,negative,Where is my order? It's been days and tracking hasn't updated.,2026-10-01 14:07:24
tkt_350791,ord_26912165,3c8f79f7c8c18e7a,WISMO,negative,Where is my order? It's been days and tracking hasn't updated.,2026-08-27 19:06:47
tkt_948252,ord_75679497,ce0ba54f33cc04eb,WISMO,negative,Where is my order? It's been days and tracking hasn't updated.,2026-09-25 05:53:21
tkt_627203,ord_55866810,a8c77d3c2b051d77,WISMO,negative,Where is my order? It's been days and tracking hasn't updated.,2026-09-06 08:12:17
tkt_930630,ord_10817074,2b4aa022a3f11bd5,WISMO,negative,Where is my order? It's been days and tracking hasn't updated.,2026-09-20 11:47:44
tkt_758466,ord_36307023,785e2a99cbfb8f7f,WISMO,negative,Where is my order? It's been days and tracking hasn't updated.,2026-07-21 14:04:14
tkt_109116,ord_5602379,acd3545df258d228,WISMO,negative,Where is my order? It's been days and tracking hasn't updated.,2026-08-23 07:39:28
tkt_811192,ord_3537149,a4c26d1d9e8a5675,WISMO,negative,Where is my order? It's been days and tracking hasn't updated.,2026-07-14 14:02:21
tkt_637679,ord_71697212,2cd52be676b9d8e1,WISMO,negative,Where is my order? It's been days and tracking hasn't updated.,2026-08-18 19:15:17
tkt_505595,ord_74154752,39cea073c8163373,WISMO,negative,Where is my order? It's been days and tracking hasn't updated.,2026-09-03 06:49:54
tkt_729222,ord_50630659,70c7c00a466d47f4,WISMO,negative,Where is my order? It's been days and tracking hasn't updated.,2026-08-24 07:24:33
tkt_121197,ord_18491234,3b8abf1a41a11a02,WISMO,negative,Where is my order? It's been days and tracking hasn't updated.,2026-08-28 20:20:05
tkt_123724,ord_58781037,66109a56c0c3f193,WISMO,negative,Where is my order? It's been days and tracking hasn't updated.,2026-07-31 06:34:23
tkt_617210,ord_12346797,4b0bca3957bfba5f,WISMO,negative,Where is my order? It's been days and tracking hasn't updated.,2026-07-24 15:47:18
tkt_59406,ord_10282645,3418e8a1131c97cf,WISMO,negative,Where is my order? It's been days and tracking hasn't updated.,2026-09-23 20:07:12
tkt_631678,ord_46931572,5c2b6a5c169b97b8,WISMO,negative,Where is my order? It's been days and tracking hasn't updated.,2026-08-22 13:55:20
tkt_306616,ord_32781920,6fad2eec6c0e921b,WISMO,negative,Where is my order? It's been days and tracking hasn't updated.,2026-08-15 02:31:16
tkt_739513,ord_66428279,e87c2fe57af79ff0,WISMO,negative,Where is my order? It's been days and tracking hasn't updated.,2026-08-01 08:51:11
tkt_465087,ord_29566459,51e3150beb7ede69,WISMO,negative,Where is my order? It's been days and tracking hasn't updated.,2026-10-04 18:58:59
tkt_256068,ord_87730595,62dc1bfb64bce061,WISMO,negative,Where is my order? It's been days and tracking hasn't updated.,2026-08-14 16:13:04
tkt_936355,ord_70711829,8c9f5c2ad700797b,WISMO,negative,Where is my order? It's been days and tracking hasn't updated.,2026-08-18 10:45:58
tkt_213442,ord_10528854,ae94436a74f1075f,WISMO,negative,Where is my order? It's been days and tracking hasn't updated.,2026-07-23 19:47:33
tkt_856036,ord_97295874,09705217025641f6,WISMO,negative,Where is my order? It's been days and tracking hasn't updated.,2026-10-01 14:26:17
tkt_461664,ord_93729868,f7c8b05664ca9679,WISMO,negative,Where is my order? It's been days and tracking hasn't updated.,2026-10-04 16:11:52
tkt_801313,ord_87229186,884b0493cd5ad375,WISMO,negative,Where is my order? It's been days and tracking hasn't updated.,2026-09-04 01:57:54
tkt_22323,ord_15332850,f3865af4ca7257bd,WISMO,negative,Where is my order? It's been days and tracking hasn't updated.,2026-07-25 00:39:01
tkt_283428,ord_4530678,856055d8fad95541,WISMO,negative,Where is my order? It's been days and tracking hasn't updated.,2026-09-26 23:51:17
tkt_896086,ord_37459158,42689c7aa0e5266f,WISMO,negative,Where is my order? It's been days and tracking hasn't updated.,2026-09-27 01:41:45
tkt_19764,ord_66485758,40cf4d09c23eb80b,WISMO,negative,Where is my order? It's been days and tracking hasn't updated.,2026-09-04 09:54:33
tkt_215723,ord_30124961,5f222495af326d36,WISMO,negative,Where is my order? It's been days and tracking hasn't updated.,2026-09-21 17:23:25
tkt_567855,ord_4201833,ad491e2a2e21ff33,WISMO,negative,Where is my order? It's been days and tracking hasn't updated.,2026-07-25 03:23:30
tkt_791127,ord_81703604,1fba2d888f2e464e,WISMO,negative,Where is my order? It's been days and tracking hasn't updated.,2026-08-31 03:36:52
tkt_788949,ord_98705661,6c26f8af193039d7,WISMO,negative,Where is my order? It's been days and tracking hasn't updated.,2026-08-16 09:06:25
tkt_846616,ord_7666327,2facd0b8230d837b,WISMO,negative,Where is my order? It's been days and tracking hasn't updated.,2026-07-19 08:43:29
tkt_580170,ord_14657945,87979198ac1e88c8,WISMO,negative,Where is my order? It's been days and tracking hasn't updated.,2026-07-10 23:34:01
tkt_998740,ord_52091317,00e6578628ad5ca6,WISMO,negative,Where is my order? It's been days and tracking hasn't updated.,2026-08-09 09:47:00
tkt_301380,ord_90995529,53fce22e855fd37d,WISMO,negative,Where is my order? It's been days and tracking hasn't updated.,2026-08-10 23:26:54
tkt_444423,ord_62210257,f953c1fe8ae30f6a,WISMO,negative,Where is my order? It's been days and tracking hasn't updated.,2026-07-20 20:44:01
tkt_754157,ord_76853413,66a710cfe42778d7,WISMO,negative,Where is my order? It's been days and tracking hasn't updated.,2026-08-08 15:31:58
tkt_399812,ord_21816939,0878e3fcf43b4ae3,WISMO,negative,Where is my order? It's been days and tracking hasn't updated.,2026-09-03 05:20:18
tkt_262073,ord_11480563,f1f08590b5a7e657,WISMO,negative,Where is my order? It's been days and tracking hasn't updated.,2026-07-13 07:29:30
tkt_262682,ord_88480345,fbae6ce8f4055cca,WISMO,negative,Where is my order? It's been days and tracking hasn't updated.,2026-08-19 19:56:58
tkt_876609,ord_43082466,98949bc649873ad0,WISMO,negative,Where is my order? It's been days and tracking hasn't updated.,2026-09-27 18:35:16
tkt_461278,ord_2317495,981ee75161079ae6,WISMO,negative,Where is my order? It's been days and tracking hasn't updated.,2026-10-02 13:34:27
tkt_489097,ord_1190605,e7153b6d863d503f,WISMO,negative,Where is my order? It's been days and tracking hasn't updated.,2026-09-09 21:04:08
tkt_668722,ord_64452414,12c98a1e66600ec2,WISMO,negative,Where is my order? It's been days and tracking hasn't updated.,2026-09-10 02:45:47
tkt_984439,ord_77788611,b47bae89477f06ef,WISMO,negative,Where is my order? It's been days and tracking hasn't updated.,2026-09-11 14:04:02
tkt_289874,ord_10676603,ab4dd0f3732874de,WISMO,negative,Where is my order? It's been days and tracking hasn't updated.,2026-09-18 23:08:37
tkt_188538,ord_59114791,46cbfe5454b51073,WISMO,negative,Where is my order? It's been days and tracking hasn't updated.,2026-08-21 04:00:34
tkt_272148,ord_37063466,e4bf562ba5949874,WISMO,negative,Where is my order? It's been days and tracking hasn't updated.,2026-08-10 04:53:54
tkt_717688,ord_24730353,c4a638d8d2e75ee1,WISMO,negative,Where is my order? It's been days and tracking hasn't updated.,2026-07-10 14:52:41
tkt_332749,ord_77831614,2dafa9ad3cb1da81,WISMO,negative,Where is my order? It's been days and tracking hasn't updated.,2026-10-05 10:19:03
tkt_63766,ord_30595256,3894e174908c0c99,WISMO,negative,Where is my order? It's been days and tracking hasn't updated.,2026-08-23 08:30:31
tkt_269950,ord_34769739,180d969dade35714,WISMO,negative,Where is my order? It's been days and tracking hasn't updated.,2026-09-28 17:05:35
tkt_81242,ord_14651674,03154718891e6730,WISMO,negative,Where is my order? It's been days and tracking hasn't updated.,2026-07-24 21:48:29
tkt_389398,ord_76553214,7710880b988b5640,WISMO,negative,Where is my order? It's been days and tracking hasn't updated.,2026-09-23 15:52:09
tkt_74861,ord_55830504,39b447ef1b97dba4,WISMO,negative,Where is my order? It's been days and tracking hasn't updated.,2026-08-08 01:45:03
tkt_447191,ord_86152618,faccd09a8e20631a,WISMO,negative,Where is my order? It's been days and tracking hasn't updated.,2026-09-16 15:16:09
tkt_636450,ord_43827529,6f6457b7a36fbc6b,WISMO,negative,Where is my order? It's been days and tracking hasn't updated.,2026-09-22 02:18:26
tkt_46777,ord_49432646,b3351fd9a56584d9,WISMO,negative,Where is my order? It's been days and tracking hasn't updated.,2026-08-18 01:37:48
tkt_761538,ord_88189010,e9468192db1eb74f,WISMO,negative,Where is my order? It's been days and tracking hasn't updated.,2026-08-27 18:25:59
tkt_592867,ord_30142752,8f95692f83cc003e,WISMO,negative,Where is my order? It's been days and tracking hasn't updated.,2026-08-28 01:39:59
tkt_602343,ord_67578073,f664b78c3a422b6b,WISMO,negative,Where is my order? It's been days and tracking hasn't updated.,2026-08-30 22:05:02
tkt_574863,ord_84600705,a367eafe865ad99f,WISMO,negative,Where is my order? It's been days and tracking hasn't updated.,2026-08-23 08:50:05
tkt_438388,ord_98509269,bd7ad475e144f311,WISMO,negative,Where is my order? It's been days and tracking hasn't updated.,2026-09-22 14:42:34
tkt_888767,ord_16272875,925177648f3d14df,WISMO,negative,Where is my order? It's been days and tracking hasn't updated.,2026-09-21 23:03:12
tkt_636592,ord_6903019,1d7a8833c4de8f97,WISMO,negative,Where is my order? It's been days and tracking hasn't updated.,2026-07-22 23:53:30
tkt_691218,ord_63394946,3bbe91ac0ea8e0f8,WISMO,negative,Where is my order? It's been days and tracking hasn't updated.,2026-08-09 04:46:10
tkt_307301,ord_77207907,8cf836111a5e6ca5,WISMO,negative,Where is my order? It's been days and tracking hasn't updated.,2026-07-25 08:16:24
tkt_477963,ord_30989625,343d6711fe9dfd9c,WISMO,negative,Where is my order? It's been days and tracking hasn't updated.,2026-09-20 04:23:07
tkt_369082,ord_10695820,61cf55be23931f0d,WISMO,negative,Where is my order? It's been days and tracking hasn't updated.,2026-08-16 05:45:21
tkt_530205,ord_75223282,57598905e5ffc33e,WISMO,negative,Where is my order? It's been days and tracking hasn't updated.,2026-08-27 20:57:28
tkt_634617,ord_64982119,b5d36fda631afd1b,WISMO,negative,Where is my order? It's been days and tracking hasn't updated.,2026-09-08 15:36:29
tkt_470777,ord_30917031,5fb717e87468e0d1,WISMO,negative,Where is my order? It's been days and tracking hasn't updated.,2026-09-17 23:39:40
tkt_240924,ord_56217126,40f6bcc5bb3b6423,WISMO,negative,Where is my order? It's been days and tracking hasn't updated.,2026-09-26 03:23:33
tkt_834515,ord_34934049,ebd7545cb2124ad3,WISMO,negative,Where is my order? It's been days and tracking hasn't updated.,2026-07-20 19:33:18
tkt_123694,ord_42123474,476216110efaea1f,WISMO,negative,Where is my order? It's been days and tracking hasn't updated.,2026-07-17 16:58:55
tkt_441474,ord_54828316,5570ac861af818bc,WISMO,negative,Where is my order? It's been days and tracking hasn't updated.,2026-07-15 09:58:15
tkt_663360,ord_66330432,4b10924ce65b2797,WISMO,negative,Where is my order? It's been days and tracking hasn't updated.,2026-09-28 07:07:14
tkt_943584,ord_26589097,0d8e0f9bf5248029,WISMO,negative,Where is my order? It's been days and tracking hasn't updated.,2026-09-23 06:50:48
tkt_16265,ord_60944129,07f7a06256a5844d,WISMO,negative,Where is my order? It's been days and tracking hasn't updated.,2026-08-31 17:02:47
tkt_126656,ord_22383617,36d3b8655102c6e1,WISMO,negative,Where is my order? It's been days and tracking hasn't updated.,2026-09-09 14:20:35
tkt_276169,ord_56186977,7f3785c846bdb79e,WISMO,negative,Where is my order? It's been days and tracking hasn't updated.,2026-09-23 17:49:38
tkt_911693,ord_16964845,192f55ee58ab1364,WISMO,negative,Where is my order? It's been days and tracking hasn't updated.,2026-08-16 12:13:23
tkt_908989,ord_69108317,8039a25d68787c6a,WISMO,negative,Where is my order? It's been days and tracking hasn't updated.,2026-09-05 04:41:16
tkt_965448,ord_99153134,21fdae70b5591d91,WISMO,negative,Where is my order? It's been days and tracking hasn't updated.,2026-09-12 12:33:08
tkt_954911,ord_60249712,6032ed1e35afd9f2,WISMO,negative,Where is my order? It's been days and tracking hasn't updated.,2026-09-06 17:07:39
tkt_875356,ord_99414732,96041073358f11f7,WISMO,negative,Where is my order? It's been days and tracking hasn't updated.,2026-09-06 13:35:07
tkt_794464,ord_38827999,e46c2c0a0ea5692e,WISMO,negative,Where is my order? It's been days and tracking hasn't updated.,2026-08-10 03:34:36
tkt_141144,ord_93967669,b4a783a5955a6569,WISMO,negative,Where is my order? It's been days and tracking hasn't updated.,2026-09-11 17:45:06
tkt_622385,ord_1044716,293f90de014b8196,WISMO,negative,Where is my order? It's been days and tracking hasn't updated.,2026-07-21 20:07:14
tkt_185306,ord_58866156,eba26641d6dc4b39,WISMO,negative,Where is my order? It's been days and tracking hasn't updated.,2026-07-28 05:35:10
tkt_357687,ord_66208728,6a10244f4189016b,WISMO,negative,Where is my order? It's been days and tracking hasn't updated.,2026-08-05 16:29:35
tkt_338480,ord_38286573,65a5a3a0ac21557d,WISMO,negative,Where is my order? It's been days and tracking hasn't updated.,2026-08-14 12:34:13
tkt_925246,ord_98599798,1495fada486d30b8,WISMO,negative,Where is my order? It's been days and tracking hasn't updated.,2026-09-11 21:06:23
tkt_173636,ord_38223995,4b461290a9139537,WISMO,negative,Where is my order? It's been days and tracking hasn't updated.,2026-07-18 04:01:52
tkt_287150,ord_38633655,c81ef4afb621d403,WISMO,negative,Where is my order? It's been days and tracking hasn't updated.,2026-09-10 07:31:53
tkt_928355,ord_30015561,dd037b8fc3316f00,WISMO,negative,Where is my order? It's been days and tracking hasn't updated.,2026-07-22 07:39:42
tkt_635615,ord_34819972,bb70f0f3158bf43d,WISMO,negative,Where is my order? It's been days and tracking hasn't updated.,2026-09-20 18:48:04
tkt_216890,ord_12881682,093283df1b3e2ee9,WISMO,negative,Where is my order? It's been days and tracking hasn't updated.,2026-07-18 01:04:16
tkt_791533,ord_68276312,820609b53fdd976f,WISMO,negative,Where is my order? It's been days and tracking hasn't updated.,2026-09-30 12:07:25
tkt_512088,ord_894575,afaae5624587a87b,WISMO,negative,Where is my order? It's been days and tracking hasn't updated.,2026-09-19 10:19:38
tkt_295528,ord_27265115,96e54d3eb4ae1b5e,WISMO,negative,Where is my order? It's been days and tracking hasn't updated.,2026-08-18 05:38:40
tkt_962587,ord_39586388,9bc5cae5ad4be2bf,WISMO,negative,Where is my order? It's been days and tracking hasn't updated.,2026-10-01 04:57:42
tkt_767173,ord_37373355,25081c536c194be1,WISMO,negative,Where is my order? It's been days and tracking hasn't updated.,2026-09-01 02:58:02
tkt_831856,ord_99895239,dbc40caa95f3422d,WISMO,negative,Where is my order? It's been days and tracking hasn't updated.,2026-10-08 07:53:27
tkt_935615,ord_42253072,6ada7a4914b04843,WISMO,negative,Where is my order? It's been days and tracking hasn't updated.,2026-09-02 14:39:18
tkt_878323,ord_88735423,be7abb4eaff136b5,WISMO,negative,Where is my order? It's been days and tracking hasn't updated.,2026-08-25 13:07:21
tkt_37367,ord_84031142,d10ae3259b3c14c2,WISMO,negative,Where is my order? It's been days and tracking hasn't updated.,2026-07-13 22:19:18
tkt_853403,ord_65029451,17427a9e171a8596,WISMO,negative,Where is my order? It's been days and tracking hasn't updated.,2026-08-11 13:11:07
tkt_997020,ord_11906683,f012c4e8c5938c83,WISMO,negative,Where is my order? It's been days and tracking hasn't updated.,2026-09-10 05:45:36
tkt_640907,ord_74858214,778f3fc05d47320f,WISMO,negative,Where is my order? It's been days and tracking hasn't updated.,2026-07-11 04:46:33
tkt_612262,ord_84694927,6bf486f18e4f11b9,WISMO,negative,Where is my order? It's been days and tracking hasn't updated.,2026-08-15 09:04:55
tkt_188811,ord_88173123,4ef253093594e28b,WISMO,negative,Where is my order? It's been days and tracking hasn't updated.,2026-09-14 20:09:45
tkt_881529,ord_40278816,223eb40901bf0826,WISMO,negative,Where is my order? It's been days and tracking hasn't updated.,2026-09-14 08:28:49
tkt_411262,ord_84560859,1d65ab3c7aec46e8,WISMO,negative,Where is my order? It's been days and tracking hasn't updated.,2026-07-11 12:06:53
tkt_569810,ord_47932891,65603dcc8093aa23,WISMO,negative,Where is my order? It's been days and tracking hasn't updated.,2026-07-19 09:42:08
tkt_309767,ord_64553231,dffb9486a205d473,WISMO,negative,Where is my order? It's been days and tracking hasn't updated.,2026-10-05 06:33:40
tkt_280938,ord_39047995,37ec59c0444511dd,WISMO,negative,Where is my order? It's been days and tracking hasn't updated.,2026-07-19 18:25:40
tkt_809289,ord_75464898,bd4762b014686f4b,WISMO,negative,Where is my order? It's been days and tracking hasn't updated.,2026-09-18 12:27:49
tkt_707777,ord_35112062,8a2902c8f7e6bd14,WISMO,negative,Where is my order? It's been days and tracking hasn't updated.,2026-08-15 22:31:20
tkt_848330,ord_52529918,4df889ab04fe43d3,WISMO,negative,Where is my order? It's been days and tracking hasn't updated.,2026-07-27 18:22:25
tkt_273363,ord_53509858,406b44087fe094a1,WISMO,negative,Where is my order? It's been days and tracking hasn't updated.,2026-09-25 03:14:38
tkt_216217,ord_71942460,a69c1c0fe09c4d9e,WISMO,negative,Where is my order? It's been days and tracking hasn't updated.,2026-09-20 02:27:37
tkt_841390,ord_2834368,679ada8cab352b57,WISMO,negative,Where is my order? It's been days and tracking hasn't updated.,2026-07-15 22:04:06
tkt_240474,ord_96344237,7ff4a6f657b38ab7,WISMO,negative,Where is my order? It's been days and tracking hasn't updated.,2026-07-22 23:23:54
tkt_347605,ord_50181317,3432a5147927615e,WISMO,negative,Where is my order? It's been days and tracking hasn't updated.,2026-08-06 09:48:06
tkt_226088,ord_55484975,50e85043c60e66cc,WISMO,negative,Where is my order? It's been days and tracking hasn't updated.,2026-08-28 10:20:09
tkt_260784,ord_98426470,49f3dc63bd1ffc91,WISMO,negative,Where is my order? It's been days and tracking hasn't updated.,2026-07-14 10:05:49
tkt_25422,ord_40462140,15747c4936701dd0,WISMO,negative,Where is my order? It's been days and tracking hasn't updated.,2026-08-07 02:15:16
tkt_35418,ord_33193217,cdedac18d252773d,WISMO,negative,Where is my order? It's been days and tracking hasn't updated.,2026-08-14 18:05:45
tkt_919204,ord_99391681,09e6036f327b45de,WISMO,negative,Where is my order? It's been days and tracking hasn't updated.,2026-09-28 11:18:46
tkt_737661,ord_96920348,3e47dafa0b553c7f,WISMO,negative,Where is my order? It's been days and tracking hasn't updated.,2026-09-26 11:50:52
tkt_435557,ord_98333119,d49e1003843c8ee7,WISMO,negative,Where is my order? It's been days and tracking hasn't updated.,2026-09-11 00:46:54
tkt_870581,ord_99677061,60f146c6565fba3f,WISMO,negative,Where is my order? It's been days and tracking hasn't updated.,2026-09-19 18:55:42
tkt_616767,ord_98767255,e688de94ac2c474c,WISMO,negative,Where is my order? It's been days and tracking hasn't updated.,2026-09-05 17:03:36
tkt_901044,ord_81294547,fc523fdd872b6043,WISMO,negative,Where is my order? It's been days and tracking hasn't updated.,2026-10-04 21:53:40
tkt_316831,ord_3144983,e4b6e6cc71d88a07,WISMO,negative,Where is my order? It's been days and tracking hasn't updated.,2026-08-24 08:59:55
tkt_687919,ord_35469712,a5e4869880a41b1d,WISMO,negative,Where is my order? It's been days and tracking hasn't updated.,2026-08-16 17:05:11
tkt_426068,ord_29830286,0d6f8f9b33d656d8,WISMO,negative,Where is my order? It's been days and tracking hasn't updated.,2026-07-26 11:54:20
tkt_298239,ord_64874074,66ab1cf2592be929,WISMO,negative,Where is my order? It's been days and tracking hasn't updated.,2026-08-16 12:10:18
tkt_559104,ord_94338884,700ba0780949b6c6,WISMO,negative,Where is my order? It's been days and tracking hasn't updated.,2026-08-17 04:44:26
tkt_256496,ord_67993829,66d767b0fba1d0c9,WISMO,negative,Where is my order? It's been days and tracking hasn't updated.,2026-09-13 02:14:58
tkt_412766,ord_97651108,0457d70d59103201,WISMO,negative,Where is my order? It's been days and tracking hasn't updated.,2026-08-30 16:06:25
tkt_348583,ord_41689344,face3c6cd43ec57f,WISMO,negative,Where is my order? It's been days and tracking hasn't updated.,2026-08-02 06:23:52
tkt_422780,ord_18969067,cb64c60d6fed9a48,WISMO,negative,Where is my order? It's been days and tracking hasn't updated.,2026-07-18 15:51:21
tkt_797527,ord_76053026,2c54bf8e5832be86,WISMO,negative,Where is my order? It's been days and tracking hasn't updated.,2026-10-04 17:50:50
tkt_804686,ord_7909847,5949c9c154e55908,WISMO,negative,Where is my order? It's been days and tracking hasn't updated.,2026-09-05 14:09:53
tkt_426282,ord_80360192,2674346fb15f31bd,WISMO,negative,Where is my order? It's been days and tracking hasn't updated.,2026-09-26 03:09:46
tkt_281170,ord_747830,a3ad69dff7d407cd,WISMO,negative,Where is my order? It's been days and tracking hasn't updated.,2026-07-14 22:14:30
tkt_506458,ord_95142675,7d8127428293b88c,WISMO,negative,Where is my order? It's been days and tracking hasn't updated.,2026-07-18 08:33:24
tkt_900362,ord_74464967,f200d95f2375a137,WISMO,negative,Where is my order? It's been days and tracking hasn't updated.,2026-09-13 16:25:47
tkt_768678,ord_99278838,4f7adf16051e2b7a,WISMO,negative,Where is my order? It's been days and tracking hasn't updated.,2026-07-31 23:38:42
tkt_40959,ord_15255803,a2c5117d606d0a4b,WISMO,negative,Where is my order? It's been days and tracking hasn't updated.,2026-08-04 08:39:36
tkt_146659,ord_65389988,bbd84b5664038e46,WISMO,negative,Where is my order? It's been days and tracking hasn't updated.,2026-08-02 12:37:12
tkt_438459,ord_73428512,876732dec085bf5d,WISMO,negative,Where is my order? It's been days and tracking hasn't updated.,2026-08-24 20:35:58
tkt_338046,ord_70126092,b185cf11b930b7fa,WISMO,negative,Where is my order? It's been days and tracking hasn't updated.,2026-08-09 02:20:01
tkt_718299,ord_70229592,647db75deb4b251a,WISMO,negative,Where is my order? It's been days and tracking hasn't updated.,2026-08-24 13:16:31
tkt_841811,ord_27442403,54d8e1839a226d76,WISMO,negative,Where is my order? It's been days and tracking hasn't updated.,2026-09-10 10:21:40
tkt_389287,ord_95895184,e684fe03a5034be3,WISMO,negative,Where is my order? It's been days and tracking hasn't updated.,2026-08-21 11:17:00
tkt_495043,ord_33720776,7dc31efbda908018,WISMO,negative,Where is my order? It's been days and tracking hasn't updated.,2026-07-21 23:47:38
tkt_893802,ord_96654246,9d3541a6a138f946,WISMO,negative,Where is my order? It's been days and tracking hasn't updated.,2026-08-06 20:12:22
tkt_549850,ord_22043679,7b7337c6e45a818b,WISMO,negative,Where is my order? It's been days and tracking hasn't updated.,2026-09-16 05:47:26
tkt_436525,ord_42639365,6d927348ceb1a5f7,WISMO,negative,Where is my order? It's been days and tracking hasn't updated.,2026-08-17 10:17:48
tkt_735538,ord_41854524,1660adc10820fe7c,WISMO,negative,Where is my order? It's been days and tracking hasn't updated.,2026-08-09 14:32:51
tkt_727759,ord_26745249,e097a64a3b1ccab4,WISMO,negative,Where is my order? It's been days and tracking hasn't updated.,2026-08-13 03:32:03
tkt_491461,ord_83882424,7d17e603f743faff,WISMO,negative,Where is my order? It's been days and tracking hasn't updated.,2026-07-26 16:43:07
tkt_926252,ord_75048659,def74351dfd45481,WISMO,negative,Where is my order? It's been days and tracking hasn't updated.,2026-08-10 07:23:18
tkt_659367,ord_46299404,9408bb802eca9331,WISMO,negative,Where is my order? It's been days and tracking hasn't updated.,2026-08-20 15:29:32
tkt_612859,ord_57198985,d8089e563362185a,WISMO,negative,Where is my order? It's been days and tracking hasn't updated.,2026-08-26 03:54:40
tkt_385115,ord_41037113,75144bf05c686d25,WISMO,negative,Where is my order? It's been days and tracking hasn't updated.,2026-07-29 11:31:03
tkt_212429,ord_88498817,e7abd9a27490161e,WISMO,negative,Where is my order? It's been days and tracking hasn't updated.,2026-07-18 06:41:09
tkt_615846,ord_70104308,c1c32b635d87af12,WISMO,negative,Where is my order? It's been days and tracking hasn't updated.,2026-07-22 09:49:44
tkt_603618,ord_44313350,aa60a3bb2bd587a7,WISMO,negative,Where is my order? It's been days and tracking hasn't updated.,2026-08-26 12:31:02
tkt_913662,ord_98954103,207ed43655a8eb46,WISMO,negative,Where is my order? It's been days and tracking hasn't updated.,2026-09-03 00:47:58
tkt_700969,ord_82662979,cd26bdf7477ba3c5,WISMO,negative,Where is my order? It's been days and tracking hasn't updated.,2026-07-28 17:54:19
tkt_226957,ord_31115834,08e4179d187851aa,WISMO,negative,Where is my order? It's been days and tracking hasn't updated.,2026-09-17 01:47:16
tkt_917099,ord_63815697,ca58e3531dbc2df3,WISMO,negative,Where is my order? It's been days and tracking hasn't updated.,2026-08-20 22:42:06
tkt_372235,ord_63683359,505c88093b397dca,WISMO,negative,Where is my order? It's been days and tracking hasn't updated.,2026-09-16 03:07:54
tkt_81998,ord_71227403,b0b7575056f9a934,WISMO,negative,Where is my order? It's been days and tracking hasn't updated.,2026-10-03 11:33:28
tkt_174185,ord_28709086,e9fc49aa803cec21,WISMO,negative,Where is my order? It's been days and tracking hasn't updated.,2026-09-21 11:27:19
tkt_728864,ord_65779236,4c5e7de6a15bfada,WISMO,negative,Where is my order? It's been days and tracking hasn't updated.,2026-09-20 15:44:33
tkt_365093,ord_87522323,7d43e8fef7f8b01e,WISMO,negative,Where is my order? It's been days and tracking hasn't updated.,2026-08-03 04:33:17
tkt_224164,ord_56918776,a1547f76f4ffdbbf,WISMO,negative,Where is my order? It's been days and tracking hasn't updated.,2026-09-20 16:56:16
tkt_463555,ord_26284674,3146494a10c297e3,WISMO,negative,Where is my order? It's been days and tracking hasn't updated.,2026-09-09 14:26:29
tkt_98679,ord_44084020,115b4bb67d91161e,WISMO,negative,Where is my order? It's been days and tracking hasn't updated.,2026-09-05 23:11:43
tkt_960293,ord_49508547,b7be45476c681183,WISMO,negative,Where is my order? It's been days and tracking hasn't updated.,2026-09-25 05:48:00
tkt_637058,ord_63190952,06b01e9ac8d03674,WISMO,negative,Where is my order? It's been days and tracking hasn't updated.,2026-10-07 21:19:54
tkt_786364,ord_63545170,279223b90e7919ff,WISMO,negative,Where is my order? It's been days and tracking hasn't updated.,2026-07-22 15:02:56
tkt_787046,ord_86912487,565d2b8855bd0588,WISMO,negative,Where is my order? It's been days and tracking hasn't updated.,2026-09-20 21:45:29
tkt_745108,ord_85560869,187df9b5812473dc,WISMO,negative,Where is my order? It's been days and tracking hasn't updated.,2026-08-13 08:32:44
tkt_177433,ord_95201836,f1e7fc41cfdf2632,WISMO,negative,Where is my order? It's been days and tracking hasn't updated.,2026-09-16 09:00:04
tkt_878409,ord_55885406,4d091689d0c6408a,WISMO,negative,Where is my order? It's been days and tracking hasn't updated.,2026-08-17 12:55:43
tkt_154679,ord_67313639,d76c42134a79753b,WISMO,negative,Where is my order? It's been days and tracking hasn't updated.,2026-07-20 20:58:21
tkt_464937,ord_23163997,a444ed25aadb4757,WISMO,negative,Where is my order? It's been days and tracking hasn't updated.,2026-08-03 18:13:38
tkt_666160,ord_23215400,2de18476766c699c,WISMO,negative,Where is my order? It's been days and tracking hasn't updated.,2026-09-24 03:51:49
tkt_358038,ord_15799382,b7625141937a2ddc,WISMO,negative,Where is my order? It's been days and tracking hasn't updated.,2026-07-13 07:42:39
tkt_90277,ord_93454755,df961ef1ad6c11c8,WISMO,negative,Where is my order? It's been days and tracking hasn't updated.,2026-08-24 04:58:08
tkt_121909,ord_11832897,c49e0354b77d4132,WISMO,negative,Where is my order? It's been days and tracking hasn't updated.,2026-10-01 19:49:04
tkt_764989,ord_24494865,d455cb2cf832bf5c,WISMO,negative,Where is my order? It's been days and tracking hasn't updated.,2026-08-29 07:55:23
tkt_657063,ord_79342612,a6a3ceb4f89e9e3f,WISMO,negative,Where is my order? It's been days and tracking hasn't updated.,2026-08-20 12:10:31
tkt_228092,ord_1401059,f3b51f1670088f4c,WISMO,negative,Where is my order? It's been days and tracking hasn't updated.,2026-07-30 10:47:33
tkt_919809,ord_10908536,f97e135c305de049,WISMO,negative,Where is my order? It's been days and tracking hasn't updated.,2026-07-24 17:01:13
tkt_55926,ord_41672868,c9a74ea865139d57,WISMO,negative,Where is my order? It's been days and tracking hasn't updated.,2026-08-07 11:09:43
tkt_286050,ord_25265855,0f352b6fab3303c6,WISMO,negative,Where is my order? It's been days and tracking hasn't updated.,2026-09-01 05:22:28
tkt_185715,ord_26739479,eaa2a064783b39ff,WISMO,negative,Where is my order? It's been days and tracking hasn't updated.,2026-07-15 16:12:49
tkt_271952,ord_39585149,33240e4c84677fd0,WISMO,negative,Where is my order? It's been days and tracking hasn't updated.,2026-09-30 12:42:50
tkt_513682,ord_12403336,f3cd201428a2aba7,WISMO,negative,Where is my order? It's been days and tracking hasn't updated.,2026-10-03 21:46:56
tkt_365805,ord_48803337,926d1fdd6bd76910,WISMO,negative,Where is my order? It's been days and tracking hasn't updated.,2026-08-07 15:17:40
tkt_548450,ord_86144415,5a096bf40b99c2e3,WISMO,negative,Where is my order? It's been days and tracking hasn't updated.,2026-09-13 07:19:12
tkt_38515,ord_22880719,58a46ca01d1d3f00,WISMO,negative,Where is my order? It's been days and tracking hasn't updated.,2026-08-04 15:30:11
tkt_163267,ord_51765186,0710e72c663cd427,WISMO,negative,Where is my order? It's been days and tracking hasn't updated.,2026-09-22 06:11:20
tkt_220895,ord_76331139,866a991313421938,WISMO,negative,Where is my order? It's been days and tracking hasn't updated.,2026-08-22 08:18:24
